{
    "nodes": [{
            "id": 1,
            "name": "ARG",
            "x": 378.4,
            "y": 725.7,
            "r": 3
        },
        {
            "id": 2,
            "name": "AUT",
            "x": 707,
            "y": 309.1,
            "r": 3
        },
        {
            "id": 3,
            "name": "BEL",
            "x": 311.2,
            "y": 362.7,
            "r": 3
        },
        {
            "id": 4,
            "name": "BGR",
            "x": 490.1,
            "y": 223.1,
            "r": 3
        },
        {
            "id": 5,
            "name": "BRA",
            "x": 418.3,
            "y": 873.4,
            "r": 3
        },
        {
            "id": 6,
            "name": "CHE",
            "x": 827.7,
            "y": 771,
            "r": 3
        },
        {
            "id": 7,
            "name": "CHL",
            "x": 57,
            "y": 466,
            "r": 3
        },
        {
            "id": 8,
            "name": "CMR",
            "x": 666.1,
            "y": 418.3,
            "r": 3
        },
        {
            "id": 9,
            "name": "COL",
            "x": 170.8,
            "y": 730.9,
            "r": 3
        },
        {
            "id": 10,
            "name": "DEU",
            "x": 617.8,
            "y": 202.2,
            "r": 3
        },
        {
            "id": 11,
            "name": "DNK",
            "x": 799.5,
            "y": 358.7,
            "r": 3
        },
        {
            "id": 12,
            "name": "ESP",
            "x": 558,
            "y": 598.2,
            "r": 3
        },
        {
            "id": 13,
            "name": "FRA",
            "x": 699.3,
            "y": 21.13,
            "r": 3
        },
        {
            "id": 14,
            "name": "GBR",
            "x": 828.4,
            "y": 409.9,
            "r": 3
        },
        {
            "id": 15,
            "name": "GRE",
            "x": 852.9,
            "y": 563.2,
            "r": 3
        },
        {
            "id": 16,
            "name": "HRV",
            "x": 657,
            "y": 743.7,
            "r": 3
        },
        {
            "id": 17,
            "name": "IRN",
            "x": 652.6,
            "y": 80.4,
            "r": 3
        },
        {
            "id": 18,
            "name": "ITA",
            "x": 455.6,
            "y": 649.8,
            "r": 3
        },
        {
            "id": 19,
            "name": "JAM",
            "x": 897.4,
            "y": 526.3,
            "r": 3
        },
        {
            "id": 20,
            "name": "JPN",
            "x": 750.5,
            "y": 935.3,
            "r": 3
        },
        {
            "id": 21,
            "name": "KOR",
            "x": 906,
            "y": 800.3,
            "r": 3
        },
        {
            "id": 22,
            "name": "MAR",
            "x": 405.2,
            "y": 522.4,
            "r": 3
        },
        {
            "id": 23,
            "name": "MEX",
            "x": 590.3,
            "y": 857.9,
            "r": 3
        },
        {
            "id": 24,
            "name": "NGA",
            "x": 484.6,
            "y": 506,
            "r": 3
        },
        {
            "id": 25,
            "name": "NLD",
            "x": 654.1,
            "y": 566.8,
            "r": 3
        },
        {
            "id": 26,
            "name": "NOR",
            "x": 776.1,
            "y": 467.2,
            "r": 3
        },
        {
            "id": 27,
            "name": "PRT",
            "x": 199.8,
            "y": 408.8,
            "r": 3
        },
        {
            "id": 28,
            "name": "PRY",
            "x": 533.5,
            "y": 824.8,
            "r": 3
        },
        {
            "id": 29,
            "name": "ROM",
            "x": 659.3,
            "y": 507.9,
            "r": 3
        },
        {
            "id": 30,
            "name": "SCO",
            "x": 943,
            "y": 450.8,
            "r": 3
        },
        {
            "id": 31,
            "name": "TUN",
            "x": 488.2,
            "y": 64.7,
            "r": 3
        },
        {
            "id": 32,
            "name": "TUR",
            "x": 534.7,
            "y": 353.1,
            "r": 3
        },
        {
            "id": 33,
            "name": "USA",
            "x": 364.4,
            "y": 183,
            "r": 3
        },
        {
            "id": 34,
            "name": "YUG",
            "x": 517.8,
            "y": 772,
            "r": 3
        },
        {
            "id": 35,
            "name": "ZAF",
            "x": 786.1,
            "y": 664.5,
            "r": 0.5
        }
    ],
    "links": [{
            "source": 1,
            "target": 12,
            "w": 4
        },
        {
            "source": 1,
            "target": 18,
            "w": 9
        },
        {
            "source": 2,
            "target": 10,
            "w": 7
        },
        {
            "source": 2,
            "target": 12,
            "w": 1
        },
        {
            "source": 2,
            "target": 13,
            "w": 1
        },
        {
            "source": 2,
            "target": 14,
            "w": 1
        },
        {
            "source": 2,
            "target": 18,
            "w": 1
        },
        {
            "source": 3,
            "target": 10,
            "w": 2
        },
        {
            "source": 3,
            "target": 13,
            "w": 2
        },
        {
            "source": 3,
            "target": 18,
            "w": 2
        },
        {
            "source": 3,
            "target": 25,
            "w": 2
        },
        {
            "source": 4,
            "target": 10,
            "w": 4
        },
        {
            "source": 4,
            "target": 12,
            "w": 1
        },
        {
            "source": 4,
            "target": 27,
            "w": 1
        },
        {
            "source": 4,
            "target": 32,
            "w": 4
        },
        {
            "source": 5,
            "target": 12,
            "w": 4
        },
        {
            "source": 5,
            "target": 13,
            "w": 1
        },
        {
            "source": 5,
            "target": 18,
            "w": 5
        },
        {
            "source": 5,
            "target": 20,
            "w": 1
        },
        {
            "source": 5,
            "target": 27,
            "w": 1
        },
        {
            "source": 7,
            "target": 1,
            "w": 1
        },
        {
            "source": 7,
            "target": 18,
            "w": 1
        },
        {
            "source": 7,
            "target": 33,
            "w": 1
        },
        {
            "source": 8,
            "target": 2,
            "w": 1
        },
        {
            "source": 8,
            "target": 10,
            "w": 1
        },
        {
            "source": 8,
            "target": 12,
            "w": 2
        },
        {
            "source": 8,
            "target": 13,
            "w": 7
        },
        {
            "source": 8,
            "target": 15,
            "w": 1
        },
        {
            "source": 8,
            "target": 18,
            "w": 2
        },
        {
            "source": 8,
            "target": 13,
            "w": 7
        },
        {
            "source": 8,
            "target": 15,
            "w": 1
        },
        {
            "source": 8,
            "target": 18,
            "w": 2
        },
        {
            "source": 8,
            "target": 20,
            "w": 2
        },
        {
            "source": 8,
            "target": 27,
            "w": 2
        },
        {
            "source": 8,
            "target": 32,
            "w": 2
        },
        {
            "source": 9,
            "target": 1,
            "w": 3
        },
        {
            "source": 9,
            "target": 5,
            "w": 2
        },
        {
            "source": 9,
            "target": 12,
            "w": 1
        },
        {
            "source": 9,
            "target": 18,
            "w": 1
        },
        {
            "source": 9,
            "target": 33,
            "w": 2
        },
        {
            "source": 10,
            "target": 12,
            "w": 1
        },
        {
            "source": 10,
            "target": 13,
            "w": 1
        },
        {
            "source": 10,
            "target": 18,
            "w": 2
        },
        {
            "source": 11,
            "target": 10,
            "w": 3
        },
        {
            "source": 11,
            "target": 12,
            "w": 1
        },
        {
            "source": 11,
            "target": 14,
            "w": 6
        },
        {
            "source": 11,
            "target": 18,
            "w": 1
        },
        {
            "source": 11,
            "target": 25,
            "w": 1
        },
        {
            "source": 11,
            "target": 30,
            "w": 3
        },
        {
            "source": 11,
            "target": 32,
            "w": 1
        },
        {
            "source": 16,
            "target": 2,
            "w": 1
        },
        {
            "source": 16,
            "target": 10,
            "w": 2
        },
        {
            "source": 16,
            "target": 14,
            "w": 2
        },
        {
            "source": 16,
            "target": 18,
            "w": 4
        },
        {
            "source": 16,
            "target": 32,
            "w": 1
        },
        {
            "source": 17,
            "target": 10,
            "w": 3
        },
        {
            "source": 18,
            "target": 12,
            "w": 2
        },
        {
            "source": 18,
            "target": 13,
            "w": 1
        },
        {
            "source": 18,
            "target": 14,
            "w": 2
        },
        {
            "source": 19,
            "target": 14,
            "w": 7
        },
        {
            "source": 21,
            "target": 13,
            "w": 1
        },
        {
            "source": 21,
            "target": 20,
            "w": 4
        },
        {
            "source": 22,
            "target": 10,
            "w": 3
        },
        {
            "source": 22,
            "target": 12,
            "w": 4
        },
        {
            "source": 22,
            "target": 13,
            "w": 1
        },
        {
            "source": 22,
            "target": 18,
            "w": 1
        },
        {
            "source": 22,
            "target": 27,
            "w": 3
        },
        {
            "source": 22,
            "target": 31,
            "w": 1
        },
        {
            "source": 24,
            "target": 3,
            "w": 2
        },
        {
            "source": 24,
            "target": 6,
            "w": 1
        },
        {
            "source": 24,
            "target": 10,
            "w": 1
        },
        {
            "source": 24,
            "target": 12,
            "w": 4
        },
        {
            "source": 24,
            "target": 13,
            "w": 3
        },
        {
            "source": 24,
            "target": 18,
            "w": 2
        },
        {
            "source": 24,
            "target": 25,
            "w": 3
        },
        {
            "source": 24,
            "target": 32,
            "w": 3
        },
        {
            "source": 24,
            "target": 33,
            "w": 1
        },
        {
            "source": 24,
            "target": 35,
            "w": 1
        },
        {
            "source": 25,
            "target": 10,
            "w": 1
        },
        {
            "source": 25,
            "target": 12,
            "w": 5
        },
        {
            "source": 25,
            "target": 14,
            "w": 4
        },
        {
            "source": 25,
            "target": 18,
            "w": 2
        },
        {
            "source": 26,
            "target": 10,
            "w": 3
        },
        {
            "source": 26,
            "target": 12,
            "w": 1
        },
        {
            "source": 26,
            "target": 14,
            "w": 12
        },
        {
            "source": 26,
            "target": 15,
            "w": 2
        },
        {
            "source": 26,
            "target": 18,
            "w": 1
        },
        {
            "source": 26,
            "target": 30,
            "w": 3
        },
        {
            "source": 28,
            "target": 5,
            "w": 10
        },
        {
            "source": 28,
            "target": 12,
            "w": 2
        },
        {
            "source": 28,
            "target": 23,
            "w": 1
        },
        {
            "source": 29,
            "target": 3,
            "w": 1
        },
        {
            "source": 29,
            "target": 10,
            "w": 2
        },
        {
            "source": 29,
            "target": 12,
            "w": 6
        },
        {
            "source": 29,
            "target": 14,
            "w": 2
        },
        {
            "source": 29,
            "target": 15,
            "w": 2
        },
        {
            "source": 29,
            "target": 25,
            "w": 1
        },
        {
            "source": 29,
            "target": 32,
            "w": 4
        },
        {
            "source": 30,
            "target": 13,
            "w": 1
        },
        {
            "source": 30,
            "target": 14,
            "w": 7
        },
        {
            "source": 31,
            "target": 10,
            "w": 2
        },
        {
            "source": 31,
            "target": 13,
            "w": 3
        },
        {
            "source": 33,
            "target": 10,
            "w": 2
        },
        {
            "source": 33,
            "target": 14,
            "w": 1
        },
        {
            "source": 34,
            "target": 10,
            "w": 1
        },
        {
            "source": 34,
            "target": 12,
            "w": 9
        },
        {
            "source": 34,
            "target": 13,
            "w": 1
        },
        {
            "source": 34,
            "target": 14,
            "w": 1
        },
        {
            "source": 34,
            "target": 18,
            "w": 7
        },
        {
            "source": 34,
            "target": 20,
            "w": 2
        },
        {
            "source": 35,
            "target": 2,
            "w": 1
        },
        {
            "source": 35,
            "target": 6,
            "w": 1
        },
        {
            "source": 35,
            "target": 10,
            "w": 2
        },
        {
            "source": 35,
            "target": 12,
            "w": 2
        },
        {
            "source": 35,
            "target": 13,
            "w": 1
        },
        {
            "source": 35,
            "target": 14,
            "w": 4
        },
        {
            "source": 35,
            "target": 18,
            "w": 1
        },
        {
            "source": 35,
            "target": 25,
            "w": 2
        },
        {
            "source": 35,
            "target": 32,
            "w": 3
        }
    ]
}